<?xml version="1.0" encoding="UTF-8"?>
<beans xmlns="http://www.springframework.org/schema/beans"
	xmlns:xsi="http://www.w3.org/2001/XMLSchema-instance"
	xsi:schemaLocation="http://www.springframework.org/schema/beans https://www.springframework.org/schema/beans/spring-beans.xsd">
	
	<!-- Root Context: defines shared resources visible to all other web components -->
		
	<bean id="factoryBean" class="org.mybatis.spring.SqlSessionFactoryBean">
		<property name="dataSource" ref="ds"></property>
		<!-- 어떤 DB로 접근해야 하는지 알게 된다.  -->
		<property name="configLocation" value="classpath:config/mybatis/mybatis-config.xml"/>
		<!-- 어떤 매퍼로 접근을 해야하는지 알고 있다. -->
		<property name="mapperLocations" value="classpath:config/mybatis/mapper/*.xml"/>
		
	</bean>
	
	<!-- 매퍼로 접근하는 경로를 아는 factory로 실제로 접근하는 sqlSessino 객체(bean) 의존주입 생성
	세션빈 사용하지 않으므로 주석처리 -->
	<!-- <bean id="sqlSessionBean" class="org.mybatis.spring.SqlSessionTemplate" >
		<constructor-arg ref="factoryBean"/>
	</bean> -->
	
</beans>
