<?xml version="1.0" encoding="UTF-8"?>
<beans xmlns="http://www.springframework.org/schema/beans"
	xmlns:xsi="http://www.w3.org/2001/XMLSchema-instance"
	xmlns:context="http://www.springframework.org/schema/context"
	xsi:schemaLocation="http://www.springframework.org/schema/beans https://www.springframework.org/schema/beans/spring-beans.xsd
		http://www.springframework.org/schema/context http://www.springframework.org/schema/context/spring-context-3.1.xsd">
		
	<!-- Root Context: defines shared resources visible to all other web components -->
	<context:property-placeholder location="classpath:config/mybatis/db.properties"/>
	
	<!-- DB연결을 위한 라이브러리 객체 생성 -->
		<bean id="ds" class="org.apache.commons.dbcp.BasicDataSource">
			<property name="driverClassName" value="${driver}"/>
			<property name="url" value="${url}"/>
			<property name="username" value="${user}"/>
			<property name="password" value="${pwd}"/>
			<property name="maxActive" value="10"/>
		</bean>
</beans>
