<?xml version="1.0" encoding="UTF-8"?>
<beans:beans xmlns="http://www.springframework.org/schema/mvc"
	xmlns:xsi="http://www.w3.org/2001/XMLSchema-instance"
	xmlns:beans="http://www.springframework.org/schema/beans"
	xmlns:context="http://www.springframework.org/schema/context"
	xsi:schemaLocation="http://www.springframework.org/schema/mvc https://www.springframework.org/schema/mvc/spring-mvc.xsd
		http://www.springframework.org/schema/beans https://www.springframework.org/schema/beans/spring-beans.xsd
		http://www.springframework.org/schema/context https://www.springframework.org/schema/context/spring-context.xsd">

	<!-- DispatcherServlet Context: defines this servlet's request-processing infrastructure -->
	
	<!-- Enables the Spring MVC @Controller programming model -->
	<annotation-driven />

	<!-- Handles HTTP GET requests for /resources/** by efficiently serving up static resources in the ${webappRoot}/resources directory -->
	<resources mapping="/resources/**" location="/resources/" />

	<!-- Resolves views selected for rendering by @Controllers to .jsp resources in the /WEB-INF/views directory -->
	
	<!-- 네이버 로그인을 위한 빈 생성 -->	
	
	
	<!-- <beans:bean class="org.springframework.web.servlet.view.InternalResourceViewResolver">
		<beans:property name="prefix" value="/WEB-INF/views/" />
		<beans:property name="suffix" value=".jsp" />
	</beans:bean> -->
	
	<!-- 컨트롤러 자동생성 -->
	<context:component-scan base-package="com.project.exception" />
	<context:component-scan base-package="com.project.controller" />
	<context:component-scan base-package="com.project.controller.user" />
	<context:component-scan base-package="com.project.controller.board" />
	<context:component-scan base-package="com.project.controller.notice" />
	<context:component-scan base-package="com.project.controller.reply" />
	<context:component-scan base-package="com.project.controller.review" />
	
	<!-- 수동생성 -->
<!-- 	<beans:bean id="deptController" class="com.korea.mybatis.DeptController">
		<beans:constructor-arg ref="dept_dao"/>
	</beans:bean>
	
	<beans:bean id="sawonController" class="com.korea.mybatis.SawonController">
		<beans:constructor-arg ref="sawon_dao"></beans:constructor-arg>
	</beans:bean> -->
	
</beans:beans>
