<?xml version="1.0" encoding="UTF-8" ?>
<!DOCTYPE mapper
PUBLIC "-//mybatis.org//DTD Mapper 3.0//EN"
"http://mybatis.org/dtd/mybatis-3-mapper.dtd">
<mapper namespace="com.project.mapper.BoardMapper">
	
	<!-- 페이지별 게시물 조회 -->	
	<select id="list" resultType="vo.BoardVO" parameterType="java.util.HashMap" >
		select * from (select 
						rank() over(order by idx desc)no,
						r.*from freeboard r)
						where no between #{start} and #{end}
	</select>
	
	<!-- 전체 게시물 개수 조회 -->
	<select id="list_count" resultType="int">
		select count(*) from freeboard
	</select>
	
	<!-- 새글추가 -->
	<insert id="insert" parameterType="vo.BoardVO">
		insert into freeboard values
		(seq_freeboard.nextVal, #{title}, #{content}, #{id} ,#{pwd}, sysdate , #{recomm} , 0 )
	</insert>
	
	<!-- 자세히보기 -->
	<select id="select_one" parameterType="int" resultType="vo.BoardVO">
		select * from freeboard where idx =#{idx}
	</select>
	<!-- 수정하기 -->
	<update id="update" parameterType="vo.BoardVO">
		update freeboard set title = #{title},
							 content = #{content},
							 regdate = sysdate
							 where idx = #{idx}
	</update>
	<!-- 검색하기 -->
	  <select id="count_search" resultType="vo.BoardVO" parameterType="vo.BoardVO">
		select * from freeboard where
		<choose>
			<when test="type != null and type.equals('title')">
				title like '%' || #{keyword} || '%'
			</when>
			<when test="type != null and type.equals('id')">
				id like '%' || #{keyword} || '%'
			</when>
		</choose>
	</select>
	<!-- 삭제하기 -->
	<delete id="delet" parameterType="vo.ReviewVO">
		delete from freeboard where idx = #{idx}
	</delete>
	
		<!-- 조회수 -->
	<update id="viewcount">
		update freeboard set viewcount = viewcount +1 where idx = #{idx}
	</update>
</mapper>












