<?xml version="1.0" encoding="UTF-8" ?>
<!DOCTYPE mapper
PUBLIC "-//mybatis.org//DTD Mapper 3.0//EN"
"http://mybatis.org/dtd/mybatis-3-mapper.dtd">
<mapper namespace="com.project.mapper.UserMapper">

	<select id="user_list" parameterType="String" resultType="user">	
		SELECT USERID, USERPWD, USERNAME, USERPHONE1, USERPHONE2, USERPHONE3, USERNICK, USERPHOTONAME, USEREMAIL
		FROM USERINFO WHERE USERID=#{userId}
	</select>
	
	<select id="user_find_id" parameterType="user" resultType="String">
		SELECT USERID FROM USERINFO WHERE USERNAME=#{userName} and USERPHONE1=#{userPhone1} and USERPHONE2=#{userPhone2} 
		and USERPHONE3=#{userPhone3} and USEREMAIL=#{userEmail}
	
	</select>
	
	
	<insert id="user_insert">
		INSERT INTO USERINFO
		(USERID, USERPWD, USERNAME, USERPHONE1, USERPHONE2, USERPHONE3, USERNICK, USERPHOTONAME, USEREMAIL)
		VALUES(#{userId},#{userPwd},#{userName},#{userPhone1},#{userPhone2},#{userPhone3},
		#{userNick},#{userPhotoName},#{userEmail})
	</insert>	
	
	<select id="user_login" parameterType="map" resultType="Integer">
		select count(userId) from userinfo
		where userId=#{userId} and userPwd=#{userPwd}	
	</select>
	
	<select id="checkId" parameterType="String" resultType="Integer">
		select count(userId) from userinfo where userId=#{userId}
	</select>
	
	<select id="checkNick" parameterType="String" resultType="Integer">
		select count(userNick) from userinfo where userNick=#{userNick}
	</select>
	
	<update id="user_update" parameterType="user">
		UPDATE USERINFO
		SET USERPWD=#{userPwd},USERPHONE1=#{userPhone1}, USERPHONE2=#{userPhone2}, USERPHONE3=#{userPhone3}, 
		USERNICK=#{userNick}, USERPHOTONAME=#{userPhotoName}, USEREMAIL=#{userEmail} 
		WHERE USERID=#{userId}
	</update>
	
	<update id="user_pwd_update" parameterType="map">
		UPDATE USERINFO
		SET USERPWD=#{userPwd} WHERE USERID=#{userId}
	</update>
	
	<delete id="user_delete" parameterType="String">
		delete from userinfo where userId=#{userId}	
	</delete>
	

</mapper>












