<?xml version="1.0" encoding="UTF-8"?>
<!DOCTYPE configuration PUBLIC "-//mybatis.org//DTD Config 3.0//EN" "HTTP://mybatis.org/dtd/mybatis-3-config.dtd">

<configuration>
	<settings>
		<setting name="cacheEnabled" value="false" />
		<setting name="useGeneratedKeys" value="true" />
		<setting name="defaultExecutorType" value="REUSE" />
		<setting name="jdbcTypeForNull" value="NULL" />
	</settings>
	
	<!-- 별칭 주는 부분 -->
	<typeAliases>
		<typeAlias type="vo.UserVO" alias="user"/>

	</typeAliases>
	
	<!-- <mappers>
		<mapper resource="config/mybatis/mapper/user.xml"/>
		<mapper resource="config/mybatis/mapper/dept.xml" />
		<mapper resource="config/mybatis/mapper/sawon.xml"/>
	</mappers> -->
</configuration>